[
    {
      "question": "What does HTML stand for?",
      "options": ["Hyper Text Markup Language", "Home Tool Markup Language", "Hyperlinks and Text Markup Language"],
      "correctIndex": 0
    },
    {
      "question": "What is the correct syntax for referring to an external script called 'xxx.js'?",
      "options": ["<script name='xxx.js'>", "<script src='xxx.js'>", "<script href='xxx.js'>"],
      "correctIndex": 1
    },
    {
      "question": "Which CSS property is used to change the background color?",
      "options": ["color", "bgcolor", "background-color", "background"],
      "correctIndex": 2
    },
    {
      "question": "Inside which HTML element do we put the JavaScript?",
      "options": ["<javascript>", "<js>", "<script>", "<scripting>"],
      "correctIndex": 2
    },
    {
      "question": "Which event occurs when the user clicks on an HTML element?",
      "options": ["onmouseclick", "onchange", "onclick", "onmouseover"],
      "correctIndex": 2
    }
  ]
  